URL,S3,OutPut,DateTime
https://s3-video.x.me/tk/video/2025-01-09/22/cb4198e065f64149b7ccdf7f9b78f1b9.mp4,s3://bedrock-video-generation-us-east-1-pi8hu9/video-class/cb4198e065f64149b7ccdf7f9b78f1b9.mp4,"Categories: Entertainment > Variety Shows > Show Updates, Behind-the-Scenes Highlights | Tags: Mr. Bean(100), Big Freeze(90), Cartoon(80), Comedy(70), Humor(60)",2025-02-17 08:31:45
https://s3-video.x.me/tk/video/2025-01-09/22/3665b7be40fb4d22bf77d998b099712a.mp4,s3://bedrock-video-generation-us-east-1-pi8hu9/video-class/3665b7be40fb4d22bf77d998b099712a.mp4,"Categories: Entertainment > Variety Shows > Show Updates, Behind-the-Scenes Highlights | Tags: Santa Claus(90), Christmas(85), comedy(80), funny(75), post(70)",2025-02-17 08:31:54
https://s3-video.x.me/tk/video/2025-01-14/18/383bdede5826402cbe6a22a2a339e6cb.mp4,s3://bedrock-video-generation-us-east-1-pi8hu9/video-class/383bdede5826402cbe6a22a2a339e6cb.mp4,"Categories: Entertainment > Variety Shows > Show Updates, Behind-the-Scenes Highlights | Tags: Nurse Bean(100), Animated Series(90), Humor(80), Characters(70), Cartoon(60)",2025-02-17 08:32:02
https://s3-video.x.me/tk/video/2025-01-09/21/65b0b9a4164f45e7ab50ad6b6551badb.mp4,s3://bedrock-video-generation-us-east-1-pi8hu9/video-class/65b0b9a4164f45e7ab50ad6b6551badb.mp4,"Categories: Health & Lifestyle > Food Culture > Food Recommendations, Local Culinary Specialties | Tags: cooking(95), camping(90), outdoor(85), fire(80), nature(75)",2025-02-17 08:32:09
https://s3-video.x.me/tk/video/2025-01-09/21/b43527a0f9fc4829b9d034413954085b.mp4,s3://bedrock-video-generation-us-east-1-pi8hu9/video-class/b43527a0f9fc4829b9d034413954085b.mp4,"Categories: Health & Lifestyle > Food Culture > Food Recommendations, Local Culinary Specialties | Tags: cooking(95), campfire(90), outdoor cooking(85), wild cooking(80), wildfire(75)",2025-02-17 08:32:20
https://s3-video.x.me/tk/video/2025-01-09/21/15c05abc114c4e07829de8978601bea1.mp4,s3://bedrock-video-generation-us-east-1-pi8hu9/video-class/15c05abc114c4e07829de8978601bea1.mp4,"Categories: Health & Lifestyle > Food Culture > Food Recommendations, Local Culinary Specialties | Tags: Cooking(95), Outdoor Cooking(90), Campfire(85), Recipe(80), Food Preparation(75)",2025-02-17 08:32:36
https://s3-video.x.me/tk/video/2025-01-10/03/68f6553f86c64c2ea9421adf019c4298.mp4,s3://bedrock-video-generation-us-east-1-pi8hu9/video-class/68f6553f86c64c2ea9421adf019c4298.mp4,"Categories: Health & Lifestyle > Food Culture > Food Recommendations, Local Culinary Specialties | Tags: cooking(100), camping(95), outdoor(90), food(85), recipe(80)",2025-02-17 08:32:48
https://s3-video.x.me/tk/video/2025-01-12/03/476630fc71764def9086c21d9a948479.mp4,s3://bedrock-video-generation-us-east-1-pi8hu9/video-class/476630fc71764def9086c21d9a948479.mp4,"Categories: Health & Lifestyle > Food Culture > Food Recommendations, Local Culinary Specialties | Tags: cooking(100), outdoor(90), camping(80), food(70), nature(60)",2025-02-17 08:32:59
https://s3-video.x.me/tk/video/2025-01-14/03/c58f492fc654493dbfe8a99c8a08e7a4.mp4,s3://bedrock-video-generation-us-east-1-pi8hu9/video-class/c58f492fc654493dbfe8a99c8a08e7a4.mp4,"Categories: Health & Lifestyle > Food Culture > Food Recommendations, Local Culinary Specialties | Tags: Cooking(95), Outdoor Cooking(90), Campfire(85), Potato(80), Spiral Potato(75)",2025-02-17 08:33:08
https://s3-video.x.me/tk/video/2025-01-08/04/b03b366ed324407592ad44caa8566f82.mp4,s3://bedrock-video-generation-us-east-1-pi8hu9/video-class/b03b366ed324407592ad44caa8566f82.mp4,"Categories: Entertainment > Variety Shows > Show Updates, Behind-the-Scenes Highlights | Tags: Fantasy(90), Magic(85), Mysterious(80), Animation(75), Adventure(70)",2025-02-17 08:33:17
https://s3-video.x.me/tk/video/2025-01-08/04/b4c01afa7f5d4474a49411107babb466.mp4,s3://bedrock-video-generation-us-east-1-pi8hu9/video-class/b4c01afa7f5d4474a49411107babb466.mp4,"Categories: Entertainment > Music > Music Performances & Tours, Music Awards & Ceremonies | Tags: music performance(90), celebrity(85), piano(80), singer(75)",2025-02-17 08:33:32
https://s3-video.x.me/tk/video/2025-01-08/04/f89f944b65f648b482c4388d8b63248f.mp4,s3://bedrock-video-generation-us-east-1-pi8hu9/video-class/f89f944b65f648b482c4388d8b63248f.mp4,"Categories: Entertainment > Celebrities & Public Figures > Celebrity Gossip & Lifestyle, Social Media Updates | Tags: celebrities(90), gossip(85), social media(80), New Year's Eve(75), celebration(70)",2025-02-17 08:33:36
https://s3-video.x.me/tk/video/2025-01-08/03/fe51bccf1150430e8710cca9c23ca5ae.mp4,s3://bedrock-video-generation-us-east-1-pi8hu9/video-class/fe51bccf1150430e8710cca9c23ca5ae.mp4,"Categories: Entertainment > Variety Shows > Show Updates, Behind-the-Scenes Highlights | Tags: New Year's Eve(100), celebration(90), friends(80), party(70), happy new year(60)",2025-02-17 08:33:41
https://s3-video.x.me/tk/video/2025-01-09/21/f81d2c02aa474179b4ead01df54bbd13.mp4,s3://bedrock-video-generation-us-east-1-pi8hu9/video-class/f81d2c02aa474179b4ead01df54bbd13.mp4,"Error: software.amazon.awssdk.services.bedrockruntime.model.ThrottlingException: Too many tokens, please wait before trying again. (Service: BedrockRuntime, Status Code: 429, Request ID: 7d9efa5a-a09e-46fd-97ac-19ccad0cd3f5)",2025-02-17 08:33:50
https://s3-video.x.me/tk/video/2025-01-09/21/0a94f045ed8445f6890c18c0e4544ab2.mp4,s3://bedrock-video-generation-us-east-1-pi8hu9/video-class/0a94f045ed8445f6890c18c0e4544ab2.mp4,"Error: software.amazon.awssdk.services.bedrockruntime.model.ThrottlingException: Too many tokens, please wait before trying again. (Service: BedrockRuntime, Status Code: 429, Request ID: fed753a2-9aa1-4c80-8b51-4e55b9b47ada)",2025-02-17 08:34:22
https://s3-video.x.me/tk/video/2025-01-09/21/ff5e0fe5f74941769b30594594805e22.mp4,s3://bedrock-video-generation-us-east-1-pi8hu9/video-class/ff5e0fe5f74941769b30594594805e22.mp4,,
https://s3-video.x.me/tk/video/2025-01-09/21/a2d75c20efc8477493030514deb87c3e.mp4,s3://bedrock-video-generation-us-east-1-pi8hu9/video-class/a2d75c20efc8477493030514deb87c3e.mp4,,
https://s3-video.x.me/tk/video/2025-01-15/03/82f56972da6e47f2a43bac33da0ec9dd.mp4,s3://bedrock-video-generation-us-east-1-pi8hu9/video-class/82f56972da6e47f2a43bac33da0ec9dd.mp4,,
https://s3-video.x.me/tk/video/2025-01-13/03/1f807e5a17644fe5a18e572c8ad72596.mp4,s3://bedrock-video-generation-us-east-1-pi8hu9/video-class/1f807e5a17644fe5a18e572c8ad72596.mp4,,
https://s3-video.x.me/tk/video/2025-01-11/03/b17e038efd8e4ea4959be403d2e577db.mp4,s3://bedrock-video-generation-us-east-1-pi8hu9/video-class/b17e038efd8e4ea4959be403d2e577db.mp4,,
https://s3-video.x.me/tk/video/2025-01-08/03/923a274516f3426492f396c0a9f94adf.mp4,s3://bedrock-video-generation-us-east-1-pi8hu9/video-class/923a274516f3426492f396c0a9f94adf.mp4,,
https://s3-video.x.me/tk/video/2025-01-08/03/b842fdf70475499ca9375ce0965afb2e.mp4,s3://bedrock-video-generation-us-east-1-pi8hu9/video-class/b842fdf70475499ca9375ce0965afb2e.mp4,,
https://s3-video.x.me/tk/video/2025-01-08/03/09ba3df82918468ea92b6d148d267961.mp4,s3://bedrock-video-generation-us-east-1-pi8hu9/video-class/09ba3df82918468ea92b6d148d267961.mp4,,
https://s3-video.x.me/tk/video/2025-01-08/03/e9c638c8b90042d29b2e279a229a3b12.mp4,s3://bedrock-video-generation-us-east-1-pi8hu9/video-class/e9c638c8b90042d29b2e279a229a3b12.mp4,,
https://s3-video.x.me/tk/video/2025-01-08/03/3cebc247765b423492f00519dbb35887.mp4,s3://bedrock-video-generation-us-east-1-pi8hu9/video-class/3cebc247765b423492f00519dbb35887.mp4,,
https://s3-video.x.me/tk/video/2025-01-08/03/5727c82b3e434a76b30ca0051ff66ab4.mp4,s3://bedrock-video-generation-us-east-1-pi8hu9/video-class/5727c82b3e434a76b30ca0051ff66ab4.mp4,,
https://s3-video.x.me/tk/video/2025-01-08/04/fcbba09830544a329b4de5d2a6b2c5ce.mp4,s3://bedrock-video-generation-us-east-1-pi8hu9/video-class/fcbba09830544a329b4de5d2a6b2c5ce.mp4,,
https://s3-video.x.me/tk/video/2025-01-08/04/b8b2721dc38a4f1191b2f0f6a7c3035f.mp4,s3://bedrock-video-generation-us-east-1-pi8hu9/video-class/b8b2721dc38a4f1191b2f0f6a7c3035f.mp4,,
https://s3-video.x.me/tk/video/2025-01-07/16/93a11f316b084fe7ab4c33ed7d96a8f9.mp4,s3://bedrock-video-generation-us-east-1-pi8hu9/video-class/93a11f316b084fe7ab4c33ed7d96a8f9.mp4,,
https://s3-video.x.me/tk/video/2025-01-08/03/8a7403734b54441e8557c367f78cac3d.mp4,s3://bedrock-video-generation-us-east-1-pi8hu9/video-class/8a7403734b54441e8557c367f78cac3d.mp4,,
https://s3-video.x.me/tk/video/2025-01-08/03/0eada89315014500a5aba1aad33eff8e.mp4,s3://bedrock-video-generation-us-east-1-pi8hu9/video-class/0eada89315014500a5aba1aad33eff8e.mp4,,
https://s3-video.x.me/tk/video/2025-01-08/03/95d693599dfe4676aef8464aa45f7a38.mp4,s3://bedrock-video-generation-us-east-1-pi8hu9/video-class/95d693599dfe4676aef8464aa45f7a38.mp4,,
https://s3-video.x.me/tk/video/2025-01-08/04/342f65b87190461b9128445cd9e31eb4.mp4,s3://bedrock-video-generation-us-east-1-pi8hu9/video-class/342f65b87190461b9128445cd9e31eb4.mp4,,
https://s3-video.x.me/tk/video/2025-01-08/03/8a922169d35d47fe8a2262c51a2b0c34.mp4,s3://bedrock-video-generation-us-east-1-pi8hu9/video-class/8a922169d35d47fe8a2262c51a2b0c34.mp4,,
https://s3-video.x.me/tk/video/2025-01-08/03/46a5d4976c354f10b3183a5a97dbadce.mp4,s3://bedrock-video-generation-us-east-1-pi8hu9/video-class/46a5d4976c354f10b3183a5a97dbadce.mp4,,
https://s3-video.x.me/tk/video/2025-01-07/16/e8c93c7dca5b4f61b98092725a247b3b.mp4,s3://bedrock-video-generation-us-east-1-pi8hu9/video-class/e8c93c7dca5b4f61b98092725a247b3b.mp4,,
https://s3-video.x.me/tk/video/2025-01-08/03/752959f0e597432fbd2201dca93cc7a5.mp4,s3://bedrock-video-generation-us-east-1-pi8hu9/video-class/752959f0e597432fbd2201dca93cc7a5.mp4,,
https://s3-video.x.me/tk/video/2025-01-07/16/0ebbb8891e4d4ed9bcc8a4105c2e15f3.mp4,s3://bedrock-video-generation-us-east-1-pi8hu9/video-class/0ebbb8891e4d4ed9bcc8a4105c2e15f3.mp4,,
https://s3-video.x.me/tk/video/2025-01-08/03/c3e88ce9acbc4fc7b6c2ca3091b54114.mp4,s3://bedrock-video-generation-us-east-1-pi8hu9/video-class/c3e88ce9acbc4fc7b6c2ca3091b54114.mp4,,
https://s3-video.x.me/tk/video/2025-01-08/03/7c47a7f6cc4643d6a6032a00d4383dc3.mp4,s3://bedrock-video-generation-us-east-1-pi8hu9/video-class/7c47a7f6cc4643d6a6032a00d4383dc3.mp4,,
https://s3-video.x.me/tk/video/2025-01-07/16/36462f4b9ee649988f871fbdc81099f6.mp4,s3://bedrock-video-generation-us-east-1-pi8hu9/video-class/36462f4b9ee649988f871fbdc81099f6.mp4,,
https://s3-video.x.me/tk/video/2025-01-07/16/a12219a3054743d1a2ef66010534506e.mp4,s3://bedrock-video-generation-us-east-1-pi8hu9/video-class/a12219a3054743d1a2ef66010534506e.mp4,,
https://s3-video.x.me/tk/video/2025-01-07/16/d30305cdca9c4ae69468ea7e455b7cd9.mp4,s3://bedrock-video-generation-us-east-1-pi8hu9/video-class/d30305cdca9c4ae69468ea7e455b7cd9.mp4,,
https://s3-video.x.me/tk/video/2025-01-07/16/e25f3d26b47f47f38af05d4b424513d4.mp4,s3://bedrock-video-generation-us-east-1-pi8hu9/video-class/e25f3d26b47f47f38af05d4b424513d4.mp4,,
https://s3-video.x.me/tk/video/2025-01-07/23/4617081357774b9e97bd84566b241207.mp4,s3://bedrock-video-generation-us-east-1-pi8hu9/video-class/4617081357774b9e97bd84566b241207.mp4,,
https://s3-video.x.me/tk/video/2025-01-07/16/9440e46108f44e269c1c1ccd3dac47fb.mp4,s3://bedrock-video-generation-us-east-1-pi8hu9/video-class/9440e46108f44e269c1c1ccd3dac47fb.mp4,,
https://s3-video.x.me/tk/video/2025-01-07/16/8fec0d34a49842e69efceed5a7dc5597.mp4,s3://bedrock-video-generation-us-east-1-pi8hu9/video-class/8fec0d34a49842e69efceed5a7dc5597.mp4,,
https://s3-video.x.me/tk/video/2025-01-07/16/7fa0a10791b84791b3fddaac2366b0e2.mp4,s3://bedrock-video-generation-us-east-1-pi8hu9/video-class/7fa0a10791b84791b3fddaac2366b0e2.mp4,,
https://s3-video.x.me/tk/video/2025-01-07/23/957cc248fe0b4e9fa1e40f7bd743d6ab.mp4,s3://bedrock-video-generation-us-east-1-pi8hu9/video-class/957cc248fe0b4e9fa1e40f7bd743d6ab.mp4,,
https://s3-video.x.me/tk/video/2025-01-07/16/6351c6b75f684c5491f1a307025b49ed.mp4,s3://bedrock-video-generation-us-east-1-pi8hu9/video-class/6351c6b75f684c5491f1a307025b49ed.mp4,,
https://s3-video.x.me/tk/video/2025-01-07/16/bb124854d15849e985e6ca337b1a84ed.mp4,s3://bedrock-video-generation-us-east-1-pi8hu9/video-class/bb124854d15849e985e6ca337b1a84ed.mp4,,
https://s3-video.x.me/tk/video/2025-01-07/16/cf35b7693a47428cbfad6684d90ed883.mp4,s3://bedrock-video-generation-us-east-1-pi8hu9/video-class/cf35b7693a47428cbfad6684d90ed883.mp4,,
https://s3-video.x.me/tk/video/2025-01-07/16/8400f24c092a43ec94127b537ab483a9.mp4,s3://bedrock-video-generation-us-east-1-pi8hu9/video-class/8400f24c092a43ec94127b537ab483a9.mp4,,
https://s3-video.x.me/tk/video/2025-01-08/03/c6de13f2b97d410188698c9d79ce018a.mp4,s3://bedrock-video-generation-us-east-1-pi8hu9/video-class/c6de13f2b97d410188698c9d79ce018a.mp4,,
https://s3-video.x.me/tk/video/2025-01-07/16/21eed8cc14d34c97863bb7ac4278d050.mp4,s3://bedrock-video-generation-us-east-1-pi8hu9/video-class/21eed8cc14d34c97863bb7ac4278d050.mp4,,
https://s3-video.x.me/tk/video/2025-01-07/16/aaf8c340257a441685c6c28b04414f46.mp4,s3://bedrock-video-generation-us-east-1-pi8hu9/video-class/aaf8c340257a441685c6c28b04414f46.mp4,,
https://s3-video.x.me/tk/video/2025-01-07/15/105006cbd93e4433ade3f1e17730ee6a.mp4,s3://bedrock-video-generation-us-east-1-pi8hu9/video-class/105006cbd93e4433ade3f1e17730ee6a.mp4,,
https://s3-video.x.me/tk/video/2025-01-07/16/41015a01fad84444b49b2fcb09995251.mp4,s3://bedrock-video-generation-us-east-1-pi8hu9/video-class/41015a01fad84444b49b2fcb09995251.mp4,,
https://s3-video.x.me/tk/video/2025-01-08/03/1f079de846a7498baae09ff9a8d80a80.mp4,s3://bedrock-video-generation-us-east-1-pi8hu9/video-class/1f079de846a7498baae09ff9a8d80a80.mp4,,
https://s3-video.x.me/tk/video/2025-01-07/16/93d83803b8134b84baba76c896307a8c.mp4,s3://bedrock-video-generation-us-east-1-pi8hu9/video-class/93d83803b8134b84baba76c896307a8c.mp4,,
https://s3-video.x.me/tk/video/2025-01-07/16/07b1a52b30d84317bb996498124e4a16.mp4,s3://bedrock-video-generation-us-east-1-pi8hu9/video-class/07b1a52b30d84317bb996498124e4a16.mp4,,
https://s3-video.x.me/tk/video/2025-01-07/16/36a509cf42834eb5b920c8bdb9c8d035.mp4,s3://bedrock-video-generation-us-east-1-pi8hu9/video-class/36a509cf42834eb5b920c8bdb9c8d035.mp4,,
https://s3-video.x.me/tk/video/2025-01-07/16/d1330776200f452295ba4e0d8d2210c3.mp4,s3://bedrock-video-generation-us-east-1-pi8hu9/video-class/d1330776200f452295ba4e0d8d2210c3.mp4,,
https://s3-video.x.me/tk/video/2025-01-08/04/1ad112598c7d4d8ababc6f36ce0f45cc.mp4,s3://bedrock-video-generation-us-east-1-pi8hu9/video-class/1ad112598c7d4d8ababc6f36ce0f45cc.mp4,,
https://s3-video.x.me/tk/video/2025-01-07/16/2ddad0023ef5448f8deed9e66bb8e8c7.mp4,s3://bedrock-video-generation-us-east-1-pi8hu9/video-class/2ddad0023ef5448f8deed9e66bb8e8c7.mp4,,
https://s3-video.x.me/tk/video/2025-01-07/16/fdab71728fa9458db73d94f963838815.mp4,s3://bedrock-video-generation-us-east-1-pi8hu9/video-class/fdab71728fa9458db73d94f963838815.mp4,,
https://s3-video.x.me/tk/video/2025-01-07/16/c3ba613049bd44c6875ee0636b0ae62d.mp4,s3://bedrock-video-generation-us-east-1-pi8hu9/video-class/c3ba613049bd44c6875ee0636b0ae62d.mp4,,
https://s3-video.x.me/tk/video/2025-01-07/15/49221c2aefd14345a6a103445375d674.mp4,s3://bedrock-video-generation-us-east-1-pi8hu9/video-class/49221c2aefd14345a6a103445375d674.mp4,,
https://s3-video.x.me/tk/video/2025-01-07/16/2d6ed18ce3a54ac4a41cc15131bc1dfc.mp4,s3://bedrock-video-generation-us-east-1-pi8hu9/video-class/2d6ed18ce3a54ac4a41cc15131bc1dfc.mp4,,
https://s3-video.x.me/tk/video/2025-01-07/16/d4d4feeae0db41458cfeff17cd3aa626.mp4,s3://bedrock-video-generation-us-east-1-pi8hu9/video-class/d4d4feeae0db41458cfeff17cd3aa626.mp4,,
https://s3-video.x.me/tk/video/2025-01-07/16/eb14ac199f8245b8af2bc75a32daed9f.mp4,s3://bedrock-video-generation-us-east-1-pi8hu9/video-class/eb14ac199f8245b8af2bc75a32daed9f.mp4,,
https://s3-video.x.me/tk/video/2025-01-07/16/07833a85e93a477eb3ef2f86526c43e7.mp4,s3://bedrock-video-generation-us-east-1-pi8hu9/video-class/07833a85e93a477eb3ef2f86526c43e7.mp4,,
https://s3-video.x.me/tk/video/2025-01-07/16/77cc0927aa8f4df2ba000a61d20dee3d.mp4,s3://bedrock-video-generation-us-east-1-pi8hu9/video-class/77cc0927aa8f4df2ba000a61d20dee3d.mp4,,
https://s3-video.x.me/tk/video/2025-01-07/16/6ae52e2f89064fec83a98e61664e3e3c.mp4,s3://bedrock-video-generation-us-east-1-pi8hu9/video-class/6ae52e2f89064fec83a98e61664e3e3c.mp4,,
https://s3-video.x.me/tk/video/2025-01-07/16/d23ea913d73e40a29ce5577a836d62c7.mp4,s3://bedrock-video-generation-us-east-1-pi8hu9/video-class/d23ea913d73e40a29ce5577a836d62c7.mp4,,
https://s3-video.x.me/tk/video/2025-01-07/16/1e4f57f132964a9a86ea53f0b71b0b42.mp4,s3://bedrock-video-generation-us-east-1-pi8hu9/video-class/1e4f57f132964a9a86ea53f0b71b0b42.mp4,,
https://s3-video.x.me/tk/video/2025-01-07/16/8eb14dc7feac40abb7c9f793771cac73.mp4,s3://bedrock-video-generation-us-east-1-pi8hu9/video-class/8eb14dc7feac40abb7c9f793771cac73.mp4,,
https://s3-video.x.me/tk/video/2025-01-07/16/17a56841819742169c6c0d5d3965042f.mp4,s3://bedrock-video-generation-us-east-1-pi8hu9/video-class/17a56841819742169c6c0d5d3965042f.mp4,,
https://s3-video.x.me/tk/video/2025-01-07/16/a8c9079e4be740dfaa6deca91c272b65.mp4,s3://bedrock-video-generation-us-east-1-pi8hu9/video-class/a8c9079e4be740dfaa6deca91c272b65.mp4,,
https://s3-video.x.me/tk/video/2025-01-07/16/6543d0f37ef8497d97041a49c230df2f.mp4,s3://bedrock-video-generation-us-east-1-pi8hu9/video-class/6543d0f37ef8497d97041a49c230df2f.mp4,,
https://s3-video.x.me/tk/video/2025-01-07/16/4b06716c66124bbaa644068181eeee5e.mp4,s3://bedrock-video-generation-us-east-1-pi8hu9/video-class/4b06716c66124bbaa644068181eeee5e.mp4,,
https://s3-video.x.me/tk/video/2025-01-07/16/8508ee3b3c1e439ab0d302da1922287c.mp4,s3://bedrock-video-generation-us-east-1-pi8hu9/video-class/8508ee3b3c1e439ab0d302da1922287c.mp4,,
https://s3-video.x.me/tk/video/2025-01-07/16/b5b1d4982eee4182a44f0f1dc1790fa6.mp4,s3://bedrock-video-generation-us-east-1-pi8hu9/video-class/b5b1d4982eee4182a44f0f1dc1790fa6.mp4,,
https://s3-video.x.me/tk/video/2025-01-07/16/f2db12ccae5c468da71cf9bdcbd9e47c.mp4,s3://bedrock-video-generation-us-east-1-pi8hu9/video-class/f2db12ccae5c468da71cf9bdcbd9e47c.mp4,,
https://s3-video.x.me/tk/video/2025-01-07/16/041c25b1e3b446e49a86fa99065328ce.mp4,s3://bedrock-video-generation-us-east-1-pi8hu9/video-class/041c25b1e3b446e49a86fa99065328ce.mp4,,
https://s3-video.x.me/tk/video/2025-01-08/04/fddd2eb03f504db1a38c4e54c83dcb2c.mp4,s3://bedrock-video-generation-us-east-1-pi8hu9/video-class/fddd2eb03f504db1a38c4e54c83dcb2c.mp4,,
https://s3-video.x.me/tk/video/2025-01-07/16/355bb0e39bf540349cc5429b4a03ba3f.mp4,s3://bedrock-video-generation-us-east-1-pi8hu9/video-class/355bb0e39bf540349cc5429b4a03ba3f.mp4,,
https://s3-video.x.me/tk/video/2025-01-07/16/1316f56c855449749c9563a13b2ec3ce.mp4,s3://bedrock-video-generation-us-east-1-pi8hu9/video-class/1316f56c855449749c9563a13b2ec3ce.mp4,,
https://s3-video.x.me/tk/video/2025-01-07/16/73de5985eea340fbac32109b348eb9e2.mp4,s3://bedrock-video-generation-us-east-1-pi8hu9/video-class/73de5985eea340fbac32109b348eb9e2.mp4,,
https://s3-video.x.me/tk/video/2025-01-07/16/88b8d04839c84644986d1850356bf5de.mp4,s3://bedrock-video-generation-us-east-1-pi8hu9/video-class/88b8d04839c84644986d1850356bf5de.mp4,,
https://s3-video.x.me/tk/video/2025-01-07/16/7845f6bfa2274c4dabc9bb9a3d43f082.mp4,s3://bedrock-video-generation-us-east-1-pi8hu9/video-class/7845f6bfa2274c4dabc9bb9a3d43f082.mp4,,
https://s3-video.x.me/tk/video/2025-01-07/16/2824ed5e5cac4be4949568a3ce326ae5.mp4,s3://bedrock-video-generation-us-east-1-pi8hu9/video-class/2824ed5e5cac4be4949568a3ce326ae5.mp4,,
https://s3-video.x.me/tk/video/2025-01-07/16/d215fb777be049bea04d1e026b9a9e68.mp4,s3://bedrock-video-generation-us-east-1-pi8hu9/video-class/d215fb777be049bea04d1e026b9a9e68.mp4,,
https://s3-video.x.me/tk/video/2025-01-07/16/a66b1e780c0f41bb8f83e22aa5773857.mp4,s3://bedrock-video-generation-us-east-1-pi8hu9/video-class/a66b1e780c0f41bb8f83e22aa5773857.mp4,,
https://s3-video.x.me/tk/video/2025-01-07/16/c3712c7b7d8e4c3c9c27173bb6b77b8b.mp4,s3://bedrock-video-generation-us-east-1-pi8hu9/video-class/c3712c7b7d8e4c3c9c27173bb6b77b8b.mp4,,
https://s3-video.x.me/tk/video/2025-01-07/16/87689f9a753e4a3f9c0c4f81aa93b433.mp4,s3://bedrock-video-generation-us-east-1-pi8hu9/video-class/87689f9a753e4a3f9c0c4f81aa93b433.mp4,,
https://s3-video.x.me/tk/video/2025-01-07/16/675eeeb30c7f4e6185d815f2e8c629b8.mp4,s3://bedrock-video-generation-us-east-1-pi8hu9/video-class/675eeeb30c7f4e6185d815f2e8c629b8.mp4,,
https://s3-video.x.me/tk/video/2025-01-07/16/8233f124e1d34b9eaa1862d864178c6f.mp4,s3://bedrock-video-generation-us-east-1-pi8hu9/video-class/8233f124e1d34b9eaa1862d864178c6f.mp4,,
https://s3-video.x.me/tk/video/2025-01-07/16/e3f84a4f05c848d3b558cbd2bd42c3fd.mp4,s3://bedrock-video-generation-us-east-1-pi8hu9/video-class/e3f84a4f05c848d3b558cbd2bd42c3fd.mp4,,
https://s3-video.x.me/tk/video/2025-01-07/16/e59baf2e25f24ceca5c734fa6bd484f7.mp4,s3://bedrock-video-generation-us-east-1-pi8hu9/video-class/e59baf2e25f24ceca5c734fa6bd484f7.mp4,,
https://s3-video.x.me/tk/video/2025-01-07/16/c3a07c7e5b9e4886b6ac4c7d0add8ac3.mp4,s3://bedrock-video-generation-us-east-1-pi8hu9/video-class/c3a07c7e5b9e4886b6ac4c7d0add8ac3.mp4,,
https://s3-video.x.me/tk/video/2025-01-08/03/691fd43181de46b6a51bb3ebf62d3d09.mp4,s3://bedrock-video-generation-us-east-1-pi8hu9/video-class/691fd43181de46b6a51bb3ebf62d3d09.mp4,,
https://s3-video.x.me/tk/video/2025-01-07/16/70cf27fefc6e4ac59cf6c38369b48ca4.mp4,s3://bedrock-video-generation-us-east-1-pi8hu9/video-class/70cf27fefc6e4ac59cf6c38369b48ca4.mp4,,
https://s3-video.x.me/tk/video/2025-01-07/16/0a3587e04291433bb40d4358f4fc639e.mp4,s3://bedrock-video-generation-us-east-1-pi8hu9/video-class/0a3587e04291433bb40d4358f4fc639e.mp4,,
https://s3-video.x.me/tk/video/2025-01-07/16/29800dca1d8940538bd911ea862eba3f.mp4,s3://bedrock-video-generation-us-east-1-pi8hu9/video-class/29800dca1d8940538bd911ea862eba3f.mp4,,
https://s3-video.x.me/tk/video/2025-01-07/16/debc37a8d13946ffb040e1bff5306627.mp4,s3://bedrock-video-generation-us-east-1-pi8hu9/video-class/debc37a8d13946ffb040e1bff5306627.mp4,,
https://s3-video.x.me/tk/video/2025-01-08/03/53b88f3e7e4e442faad80ac861fb5b25.mp4,s3://bedrock-video-generation-us-east-1-pi8hu9/video-class/53b88f3e7e4e442faad80ac861fb5b25.mp4,,
https://s3-video.x.me/tk/video/2025-01-08/03/8d5bc3fbfac9427fa7716b378d64b51f.mp4,s3://bedrock-video-generation-us-east-1-pi8hu9/video-class/8d5bc3fbfac9427fa7716b378d64b51f.mp4,,
https://s3-video.x.me/tk/video/2025-01-07/16/84063d8b3f274bf09d9ed49e11fb7235.mp4,s3://bedrock-video-generation-us-east-1-pi8hu9/video-class/84063d8b3f274bf09d9ed49e11fb7235.mp4,,
https://s3-video.x.me/tk/video/2025-01-07/16/19e6a640f07e4105bdf16b8653b03342.mp4,s3://bedrock-video-generation-us-east-1-pi8hu9/video-class/19e6a640f07e4105bdf16b8653b03342.mp4,,
https://s3-video.x.me/tk/video/2025-01-08/03/2a2b7e459a7f4637a030826ac55f16d7.mp4,s3://bedrock-video-generation-us-east-1-pi8hu9/video-class/2a2b7e459a7f4637a030826ac55f16d7.mp4,,
https://s3-video.x.me/tk/video/2025-01-07/16/994863e708aa41ae9145b3093c06af0e.mp4,s3://bedrock-video-generation-us-east-1-pi8hu9/video-class/994863e708aa41ae9145b3093c06af0e.mp4,,
https://s3-video.x.me/tk/video/2025-01-07/16/d09254bf303a432abf43be38dfc93054.mp4,s3://bedrock-video-generation-us-east-1-pi8hu9/video-class/d09254bf303a432abf43be38dfc93054.mp4,,
https://s3-video.x.me/tk/video/2025-01-07/16/6f3fb765ef7b4e729f85d177c569621d.mp4,s3://bedrock-video-generation-us-east-1-pi8hu9/video-class/6f3fb765ef7b4e729f85d177c569621d.mp4,,
https://s3-video.x.me/tk/video/2025-01-07/16/88ee6d027d3d47809e5e18c6828bd7d4.mp4,s3://bedrock-video-generation-us-east-1-pi8hu9/video-class/88ee6d027d3d47809e5e18c6828bd7d4.mp4,,
https://s3-video.x.me/tk/video/2025-01-07/16/5f14accd351a457c8ee84392b9725ba4.mp4,s3://bedrock-video-generation-us-east-1-pi8hu9/video-class/5f14accd351a457c8ee84392b9725ba4.mp4,,
https://s3-video.x.me/tk/video/2025-01-07/16/ff594a9814f04d14820505100ec7e267.mp4,s3://bedrock-video-generation-us-east-1-pi8hu9/video-class/ff594a9814f04d14820505100ec7e267.mp4,,
https://s3-video.x.me/tk/video/2025-01-07/16/34969bec6fbe4121ba6a1a0a8963dba4.mp4,s3://bedrock-video-generation-us-east-1-pi8hu9/video-class/34969bec6fbe4121ba6a1a0a8963dba4.mp4,,
https://s3-video.x.me/tk/video/2025-01-07/16/5c1723da1b534e22a4fdc227b9108a8f.mp4,s3://bedrock-video-generation-us-east-1-pi8hu9/video-class/5c1723da1b534e22a4fdc227b9108a8f.mp4,,
https://s3-video.x.me/tk/video/2025-01-07/16/b77d48c7e3184fc7880f9db9a24440dc.mp4,s3://bedrock-video-generation-us-east-1-pi8hu9/video-class/b77d48c7e3184fc7880f9db9a24440dc.mp4,,
https://s3-video.x.me/tk/video/2025-01-07/16/bbe5dde19c124705bd92ecd80a3dadec.mp4,s3://bedrock-video-generation-us-east-1-pi8hu9/video-class/bbe5dde19c124705bd92ecd80a3dadec.mp4,,
https://s3-video.x.me/tk/video/2025-01-07/16/69ad537fe4a34d3d989357ef2fcd54d7.mp4,s3://bedrock-video-generation-us-east-1-pi8hu9/video-class/69ad537fe4a34d3d989357ef2fcd54d7.mp4,,
https://s3-video.x.me/tk/video/2025-01-07/16/bf9cab1a317742f485273b2e60cf5e47.mp4,s3://bedrock-video-generation-us-east-1-pi8hu9/video-class/bf9cab1a317742f485273b2e60cf5e47.mp4,,
https://s3-video.x.me/tk/video/2025-01-07/16/a19a7d1b13574bbc946f72906e813347.mp4,s3://bedrock-video-generation-us-east-1-pi8hu9/video-class/a19a7d1b13574bbc946f72906e813347.mp4,,
https://s3-video.x.me/tk/video/2025-01-07/16/4503fbf038344287ab47a31f46a18cdf.mp4,s3://bedrock-video-generation-us-east-1-pi8hu9/video-class/4503fbf038344287ab47a31f46a18cdf.mp4,,
https://s3-video.x.me/tk/video/2025-01-07/16/028c8997487049dd8df35a6e80eb90fb.mp4,s3://bedrock-video-generation-us-east-1-pi8hu9/video-class/028c8997487049dd8df35a6e80eb90fb.mp4,,
https://s3-video.x.me/tk/video/2025-01-07/16/fbc3fd26a0594fa7a61f3e3b6448d045.mp4,s3://bedrock-video-generation-us-east-1-pi8hu9/video-class/fbc3fd26a0594fa7a61f3e3b6448d045.mp4,,
https://s3-video.x.me/tk/video/2025-01-07/16/8fdc7715de28447fa01df22b80cbe31c.mp4,s3://bedrock-video-generation-us-east-1-pi8hu9/video-class/8fdc7715de28447fa01df22b80cbe31c.mp4,,
https://s3-video.x.me/tk/video/2025-01-07/16/d65e3bb19ba84f02927e29003f19f945.mp4,s3://bedrock-video-generation-us-east-1-pi8hu9/video-class/d65e3bb19ba84f02927e29003f19f945.mp4,,
https://s3-video.x.me/tk/video/2025-01-08/03/dfff97eafa4a49aaad917a9def2cd3c4.mp4,s3://bedrock-video-generation-us-east-1-pi8hu9/video-class/dfff97eafa4a49aaad917a9def2cd3c4.mp4,,
https://s3-video.x.me/tk/video/2025-01-07/16/b84a4590fdea4d58a7cfb150a63b147d.mp4,s3://bedrock-video-generation-us-east-1-pi8hu9/video-class/b84a4590fdea4d58a7cfb150a63b147d.mp4,,
https://s3-video.x.me/tk/video/2025-01-07/16/30351be2defa41cfa8980d9550782a81.mp4,s3://bedrock-video-generation-us-east-1-pi8hu9/video-class/30351be2defa41cfa8980d9550782a81.mp4,,
https://s3-video.x.me/tk/video/2025-01-07/16/e76b055449414406b270079d760212e4.mp4,s3://bedrock-video-generation-us-east-1-pi8hu9/video-class/e76b055449414406b270079d760212e4.mp4,,
https://s3-video.x.me/tk/video/2025-01-07/16/8452e2dad2cc44d99a4f84c37eaf04ee.mp4,s3://bedrock-video-generation-us-east-1-pi8hu9/video-class/8452e2dad2cc44d99a4f84c37eaf04ee.mp4,,
https://s3-video.x.me/tk/video/2025-01-07/16/1bf90b71675a42dba210aee801118603.mp4,s3://bedrock-video-generation-us-east-1-pi8hu9/video-class/1bf90b71675a42dba210aee801118603.mp4,,
https://s3-video.x.me/tk/video/2025-01-07/16/53b20b1968274b518ce8beb43950f9bb.mp4,s3://bedrock-video-generation-us-east-1-pi8hu9/video-class/53b20b1968274b518ce8beb43950f9bb.mp4,,
https://s3-video.x.me/tk/video/2025-01-07/16/8cde9f3f3e374c528c610c2ab5493c45.mp4,s3://bedrock-video-generation-us-east-1-pi8hu9/video-class/8cde9f3f3e374c528c610c2ab5493c45.mp4,,
https://s3-video.x.me/tk/video/2025-01-07/16/27bae78b9c8640ad8e6eb7cc2bca01e4.mp4,s3://bedrock-video-generation-us-east-1-pi8hu9/video-class/27bae78b9c8640ad8e6eb7cc2bca01e4.mp4,,
https://s3-video.x.me/tk/video/2025-01-08/03/93199f3687cd4a8297584d37b6ef0468.mp4,s3://bedrock-video-generation-us-east-1-pi8hu9/video-class/93199f3687cd4a8297584d37b6ef0468.mp4,,
https://s3-video.x.me/tk/video/2025-01-07/16/81af5ee2bf094e79b6e539dc75ff5578.mp4,s3://bedrock-video-generation-us-east-1-pi8hu9/video-class/81af5ee2bf094e79b6e539dc75ff5578.mp4,,
https://s3-video.x.me/tk/video/2025-01-07/16/e82803ad695849a582d0cf7bf202dd6d.mp4,s3://bedrock-video-generation-us-east-1-pi8hu9/video-class/e82803ad695849a582d0cf7bf202dd6d.mp4,,
https://s3-video.x.me/tk/video/2025-01-07/16/000187a106a845c8bfa8523078ff8c55.mp4,s3://bedrock-video-generation-us-east-1-pi8hu9/video-class/000187a106a845c8bfa8523078ff8c55.mp4,,
https://s3-video.x.me/tk/video/2025-01-08/03/c0f7542287a84198b6d08f0ba8091221.mp4,s3://bedrock-video-generation-us-east-1-pi8hu9/video-class/c0f7542287a84198b6d08f0ba8091221.mp4,,
https://s3-video.x.me/tk/video/2025-01-07/16/60548ac5d0274468a9e3c667f72a9f81.mp4,s3://bedrock-video-generation-us-east-1-pi8hu9/video-class/60548ac5d0274468a9e3c667f72a9f81.mp4,,
https://s3-video.x.me/tk/video/2025-01-07/16/5090883330e64027aa52de8f487a5648.mp4,s3://bedrock-video-generation-us-east-1-pi8hu9/video-class/5090883330e64027aa52de8f487a5648.mp4,,
https://s3-video.x.me/tk/video/2025-01-07/16/6ca0ac2efbf7471e906979e0cf3d2ef0.mp4,s3://bedrock-video-generation-us-east-1-pi8hu9/video-class/6ca0ac2efbf7471e906979e0cf3d2ef0.mp4,,
https://s3-video.x.me/tk/video/2025-01-07/16/bf3196aec1cf49a28cebc26680308187.mp4,s3://bedrock-video-generation-us-east-1-pi8hu9/video-class/bf3196aec1cf49a28cebc26680308187.mp4,,
https://s3-video.x.me/tk/video/2025-01-07/16/674953221f2443ada4ae216299d272a5.mp4,s3://bedrock-video-generation-us-east-1-pi8hu9/video-class/674953221f2443ada4ae216299d272a5.mp4,,
https://s3-video.x.me/tk/video/2025-01-07/16/990886276c104ce5acae0eff1eaba40b.mp4,s3://bedrock-video-generation-us-east-1-pi8hu9/video-class/990886276c104ce5acae0eff1eaba40b.mp4,,
https://s3-video.x.me/tk/video/2025-01-07/16/09d593e1b0624c849efea47acd819886.mp4,s3://bedrock-video-generation-us-east-1-pi8hu9/video-class/09d593e1b0624c849efea47acd819886.mp4,,
https://s3-video.x.me/tk/video/2025-01-07/16/3d05ab48ac294c26bd73baf6290a0801.mp4,s3://bedrock-video-generation-us-east-1-pi8hu9/video-class/3d05ab48ac294c26bd73baf6290a0801.mp4,,
https://s3-video.x.me/tk/video/2025-01-07/16/a22b603837e44093a048c7fc4243ee56.mp4,s3://bedrock-video-generation-us-east-1-pi8hu9/video-class/a22b603837e44093a048c7fc4243ee56.mp4,,
https://s3-video.x.me/tk/video/2025-01-07/16/efd60c36533c42158307443ccf1aa673.mp4,s3://bedrock-video-generation-us-east-1-pi8hu9/video-class/efd60c36533c42158307443ccf1aa673.mp4,,
https://s3-video.x.me/tk/video/2025-01-07/16/a9d6a2ce4b454995bcf0e9ef00753ff0.mp4,s3://bedrock-video-generation-us-east-1-pi8hu9/video-class/a9d6a2ce4b454995bcf0e9ef00753ff0.mp4,,
https://s3-video.x.me/tk/video/2025-01-07/16/3ea54a09fc38426f92bdabd13163ca6a.mp4,s3://bedrock-video-generation-us-east-1-pi8hu9/video-class/3ea54a09fc38426f92bdabd13163ca6a.mp4,,
https://s3-video.x.me/tk/video/2025-01-07/16/756d1a15c956430a8fac9d214a43cc7d.mp4,s3://bedrock-video-generation-us-east-1-pi8hu9/video-class/756d1a15c956430a8fac9d214a43cc7d.mp4,,
https://s3-video.x.me/tk/video/2025-01-08/03/9f7624c907aa4e8faca66d2cb86745c0.mp4,s3://bedrock-video-generation-us-east-1-pi8hu9/video-class/9f7624c907aa4e8faca66d2cb86745c0.mp4,,
https://s3-video.x.me/tk/video/2025-01-07/16/393d3461d2ef499f8fbb7afc67a3758f.mp4,s3://bedrock-video-generation-us-east-1-pi8hu9/video-class/393d3461d2ef499f8fbb7afc67a3758f.mp4,,
https://s3-video.x.me/tk/video/2025-01-08/03/8a44a7a34cb947159bcf7d3ea4a720e3.mp4,s3://bedrock-video-generation-us-east-1-pi8hu9/video-class/8a44a7a34cb947159bcf7d3ea4a720e3.mp4,,
https://s3-video.x.me/tk/video/2025-01-07/16/0aabaed6c367491ea2dc4e085abf85d9.mp4,s3://bedrock-video-generation-us-east-1-pi8hu9/video-class/0aabaed6c367491ea2dc4e085abf85d9.mp4,,
https://s3-video.x.me/tk/video/2025-01-07/16/d7a76440fec64c5a92bb7ade9decfd46.mp4,s3://bedrock-video-generation-us-east-1-pi8hu9/video-class/d7a76440fec64c5a92bb7ade9decfd46.mp4,,
https://s3-video.x.me/tk/video/2025-01-07/16/dd82f6174d9742a8b900350500e3db9f.mp4,s3://bedrock-video-generation-us-east-1-pi8hu9/video-class/dd82f6174d9742a8b900350500e3db9f.mp4,,
https://s3-video.x.me/tk/video/2025-01-07/16/7d46318421634305b5b7bda9da5fccbd.mp4,s3://bedrock-video-generation-us-east-1-pi8hu9/video-class/7d46318421634305b5b7bda9da5fccbd.mp4,,
https://s3-video.x.me/tk/video/2025-01-07/16/cf82ec151dbf4cce808aa3c88e8e9b67.mp4,s3://bedrock-video-generation-us-east-1-pi8hu9/video-class/cf82ec151dbf4cce808aa3c88e8e9b67.mp4,,
https://s3-video.x.me/tk/video/2025-01-08/03/944f7691be9a4ad9b5dcaefea361d6e9.mp4,s3://bedrock-video-generation-us-east-1-pi8hu9/video-class/944f7691be9a4ad9b5dcaefea361d6e9.mp4,,
https://s3-video.x.me/tk/video/2025-01-07/16/9723002bdefb4e57b7f2cee164c9397c.mp4,s3://bedrock-video-generation-us-east-1-pi8hu9/video-class/9723002bdefb4e57b7f2cee164c9397c.mp4,,
https://s3-video.x.me/tk/video/2025-01-07/22/701b95b238a040f8adf1fad6adcc843f.mp4,s3://bedrock-video-generation-us-east-1-pi8hu9/video-class/701b95b238a040f8adf1fad6adcc843f.mp4,,
https://s3-video.x.me/tk/video/2025-01-08/03/1697c514b2cb45edb7607959514ca099.mp4,s3://bedrock-video-generation-us-east-1-pi8hu9/video-class/1697c514b2cb45edb7607959514ca099.mp4,,
https://s3-video.x.me/tk/video/2025-01-07/16/b8f1f0a083854884985cfa745af6966a.mp4,s3://bedrock-video-generation-us-east-1-pi8hu9/video-class/b8f1f0a083854884985cfa745af6966a.mp4,,
https://s3-video.x.me/tk/video/2025-01-07/16/a3ed32cf30ad405d804f37cdda87d5ec.mp4,s3://bedrock-video-generation-us-east-1-pi8hu9/video-class/a3ed32cf30ad405d804f37cdda87d5ec.mp4,,
https://s3-video.x.me/tk/video/2025-01-08/03/e8786dacc50143a2a0ca5dd48085ba04.mp4,s3://bedrock-video-generation-us-east-1-pi8hu9/video-class/e8786dacc50143a2a0ca5dd48085ba04.mp4,,
https://s3-video.x.me/tk/video/2025-01-08/03/ce9d60d3efa64c38b71eb13568d86b24.mp4,s3://bedrock-video-generation-us-east-1-pi8hu9/video-class/ce9d60d3efa64c38b71eb13568d86b24.mp4,,
https://s3-video.x.me/tk/video/2025-01-08/03/e08d0d415824495da2738508897f11a0.mp4,s3://bedrock-video-generation-us-east-1-pi8hu9/video-class/e08d0d415824495da2738508897f11a0.mp4,,
https://s3-video.x.me/tk/video/2025-01-08/03/40e2b5e71a194ec39954e523c6cfa9ab.mp4,s3://bedrock-video-generation-us-east-1-pi8hu9/video-class/40e2b5e71a194ec39954e523c6cfa9ab.mp4,,
https://s3-video.x.me/tk/video/2025-01-08/03/b155ee1b08014fc88ab9990b6680a193.mp4,s3://bedrock-video-generation-us-east-1-pi8hu9/video-class/b155ee1b08014fc88ab9990b6680a193.mp4,,
https://s3-video.x.me/tk/video/2025-01-08/03/be29f83a32044930a1d598afcb478dd8.mp4,s3://bedrock-video-generation-us-east-1-pi8hu9/video-class/be29f83a32044930a1d598afcb478dd8.mp4,,
https://s3-video.x.me/tk/video/2025-01-08/03/a6218fbb29984d4aaa1f9908dd9b45e1.mp4,s3://bedrock-video-generation-us-east-1-pi8hu9/video-class/a6218fbb29984d4aaa1f9908dd9b45e1.mp4,,
https://s3-video.x.me/tk/video/2025-01-07/16/52517b4b41684ef49b0c15697780bf84.mp4,s3://bedrock-video-generation-us-east-1-pi8hu9/video-class/52517b4b41684ef49b0c15697780bf84.mp4,,
https://s3-video.x.me/tk/video/2025-01-08/03/505515e0bdea4f71b5d3fe9af85265a8.mp4,s3://bedrock-video-generation-us-east-1-pi8hu9/video-class/505515e0bdea4f71b5d3fe9af85265a8.mp4,,
https://s3-video.x.me/tk/video/2025-01-07/16/35392ccbb818439a93fc5711e65ec5b5.mp4,s3://bedrock-video-generation-us-east-1-pi8hu9/video-class/35392ccbb818439a93fc5711e65ec5b5.mp4,,
https://s3-video.x.me/tk/video/2025-01-08/17/f9e1fba1af3844bba685cd7860ff754d.mp4,s3://bedrock-video-generation-us-east-1-pi8hu9/video-class/f9e1fba1af3844bba685cd7860ff754d.mp4,,
https://s3-video.x.me/tk/video/2025-01-08/17/0adeb576a95b4a4da4d7d4c710340c6d.mp4,s3://bedrock-video-generation-us-east-1-pi8hu9/video-class/0adeb576a95b4a4da4d7d4c710340c6d.mp4,,
https://s3-video.x.me/tk/video/2025-01-07/16/d2e4e0bcc7f044e5b0c392a658dae8b3.mp4,s3://bedrock-video-generation-us-east-1-pi8hu9/video-class/d2e4e0bcc7f044e5b0c392a658dae8b3.mp4,,
https://s3-video.x.me/tk/video/2025-01-08/17/ee7cfd79bee843c9ab5cc0540d89e443.mp4,s3://bedrock-video-generation-us-east-1-pi8hu9/video-class/ee7cfd79bee843c9ab5cc0540d89e443.mp4,,
https://s3-video.x.me/tk/video/2025-01-08/04/8319bf5b1623414ab6a5f19a1f385784.mp4,s3://bedrock-video-generation-us-east-1-pi8hu9/video-class/8319bf5b1623414ab6a5f19a1f385784.mp4,,
https://s3-video.x.me/tk/video/2025-01-08/04/0ed36b2e5aed4a7fb10fe6d1cf7e08f1.mp4,s3://bedrock-video-generation-us-east-1-pi8hu9/video-class/0ed36b2e5aed4a7fb10fe6d1cf7e08f1.mp4,,
https://s3-video.x.me/tk/video/2025-01-07/16/0831ac1b4041422e8c15af551beea0c3.mp4,s3://bedrock-video-generation-us-east-1-pi8hu9/video-class/0831ac1b4041422e8c15af551beea0c3.mp4,,
https://s3-video.x.me/tk/video/2025-01-07/23/47d038a1fc394e22899b4d70f4485546.mp4,s3://bedrock-video-generation-us-east-1-pi8hu9/video-class/47d038a1fc394e22899b4d70f4485546.mp4,,
https://s3-video.x.me/tk/video/2025-01-07/16/537a76278e414625a593c13e2983c4a1.mp4,s3://bedrock-video-generation-us-east-1-pi8hu9/video-class/537a76278e414625a593c13e2983c4a1.mp4,,
https://s3-video.x.me/tk/video/2025-01-08/04/7a05eb3c0e584d679a9200da0dc7c8eb.mp4,s3://bedrock-video-generation-us-east-1-pi8hu9/video-class/7a05eb3c0e584d679a9200da0dc7c8eb.mp4,,
https://s3-video.x.me/tk/video/2025-01-08/04/df0e909b7a584262a7bfa873f616323f.mp4,s3://bedrock-video-generation-us-east-1-pi8hu9/video-class/df0e909b7a584262a7bfa873f616323f.mp4,,
https://s3-video.x.me/tk/video/2025-01-07/23/c6c1ddf92cca4a0da6d39dc611e002f3.mp4,s3://bedrock-video-generation-us-east-1-pi8hu9/video-class/c6c1ddf92cca4a0da6d39dc611e002f3.mp4,,
https://s3-video.x.me/tk/video/2025-01-07/16/47e8477fecea4d1c9bf9741862125cdf.mp4,s3://bedrock-video-generation-us-east-1-pi8hu9/video-class/47e8477fecea4d1c9bf9741862125cdf.mp4,,
https://s3-video.x.me/tk/video/2025-01-08/04/fbbd96133fe94416850d08f44dc16dd0.mp4,s3://bedrock-video-generation-us-east-1-pi8hu9/video-class/fbbd96133fe94416850d08f44dc16dd0.mp4,,
https://s3-video.x.me/tk/video/2025-01-08/04/6ae9380bab77440e9627330bacd00004.mp4,s3://bedrock-video-generation-us-east-1-pi8hu9/video-class/6ae9380bab77440e9627330bacd00004.mp4,,
https://s3-video.x.me/tk/video/2025-01-07/16/472416c4613141118d7b3ae6000797de.mp4,s3://bedrock-video-generation-us-east-1-pi8hu9/video-class/472416c4613141118d7b3ae6000797de.mp4,,
https://s3-video.x.me/tk/video/2025-01-07/16/75c91c6ed59f4712a2b88e535a803850.mp4,s3://bedrock-video-generation-us-east-1-pi8hu9/video-class/75c91c6ed59f4712a2b88e535a803850.mp4,,
https://s3-video.x.me/tk/video/2025-01-08/03/59e47d187f184ddc97213defcb036e27.mp4,s3://bedrock-video-generation-us-east-1-pi8hu9/video-class/59e47d187f184ddc97213defcb036e27.mp4,,
https://s3-video.x.me/tk/video/2025-01-07/16/e69f650e7db14e4c8f9b3604f26ac4bf.mp4,s3://bedrock-video-generation-us-east-1-pi8hu9/video-class/e69f650e7db14e4c8f9b3604f26ac4bf.mp4,,
https://s3-video.x.me/tk/video/2025-01-07/16/e0ec62926beb47afb4e57258dd3b3222.mp4,s3://bedrock-video-generation-us-east-1-pi8hu9/video-class/e0ec62926beb47afb4e57258dd3b3222.mp4,,
